<?xml version="1.0" encoding="UTF-8"?>
<!--This is a Reload version 1.0.18 Content Package document-->
<!--Spawned from the Reload Content Package Generator - http://www.reload.ac.uk-->
<manifest xmlns="http://www.imsglobal.org/xsd/imscp_v1p1" xmlns:imsmd="http://www.imsglobal.org/xsd/imsmd_v1p2" xmlns:xsi="http://www.w3.org/2001/XMLSchema-instance" identifier="MANIFEST-DCFD9D7F-A83F-6E2C-F52B-7F1F44C7C15E" xsi:schemaLocation="http://www.imsglobal.org/xsd/imscp_v1p1 imscp_v1p1.xsd http://www.imsglobal.org/xsd/imsmd_v1p2 imsmd_v1p2p2.xsd">
  <metadata>
    <schema>IMS Content</schema>
    <schemaversion>1.2.2</schemaversion>
    <imsmd:lom>
      <imsmd:general>
        <imsmd:title>
          <imsmd:langstring xml:lang="en">Summer Pictures</imsmd:langstring>
        </imsmd:title>
        <imsmd:catalogentry>
          <imsmd:catalog />
          <imsmd:entry>
            <imsmd:langstring xml:lang="en" />
          </imsmd:entry>
        </imsmd:catalogentry>
        <imsmd:language>en</imsmd:language>
        <imsmd:description>
          <imsmd:langstring xml:lang="en">Simple exemplar content package</imsmd:langstring>
        </imsmd:description>
        <imsmd:keyword>
          <imsmd:langstring xml:lang="en">Exemplar</imsmd:langstring>
        </imsmd:keyword>
        <imsmd:structure>
          <imsmd:source>
            <imsmd:langstring xml:lang="x-none">LOMv1.0</imsmd:langstring>
          </imsmd:source>
          <imsmd:value>
            <imsmd:langstring xml:lang="x-none">Linear</imsmd:langstring>
          </imsmd:value>
        </imsmd:structure>
      </imsmd:general>
      <imsmd:lifecycle>
        <imsmd:version>
          <imsmd:langstring xml:lang="en">0.1</imsmd:langstring>
        </imsmd:version>
        <imsmd:status>
          <imsmd:source>
            <imsmd:langstring xml:lang="x-none">LOMv1.0</imsmd:langstring>
          </imsmd:source>
          <imsmd:value>
            <imsmd:langstring xml:lang="x-none">Draft</imsmd:langstring>
          </imsmd:value>
        </imsmd:status>
      </imsmd:lifecycle>
      <imsmd:metametadata>
        <imsmd:contribute>
          <imsmd:role>
            <imsmd:source>
              <imsmd:langstring xml:lang="x-none">LOMv1.0</imsmd:langstring>
            </imsmd:source>
            <imsmd:value>
              <imsmd:langstring xml:lang="x-none">Creator</imsmd:langstring>
            </imsmd:value>
          </imsmd:role>
          <imsmd:centity>
            <imsmd:vcard>BEGIN:VCARD FN:Dr.Colin D. Milligan END:VCARD</imsmd:vcard>
          </imsmd:centity>
          <imsmd:date>
            <imsmd:datetime>2003-07-08</imsmd:datetime>
          </imsmd:date>
        </imsmd:contribute>
        <imsmd:metadatascheme>UKCMF</imsmd:metadatascheme>
        <imsmd:language>en</imsmd:language>
      </imsmd:metametadata>
      <imsmd:technical>
        <imsmd:format>text/html</imsmd:format>
        <imsmd:location type="URI">http://www.nise81.com</imsmd:location>
        <imsmd:installationremarks>
          <imsmd:langstring xml:lang="en" />
        </imsmd:installationremarks>
      </imsmd:technical>
      <imsmd:rights>
        <imsmd:cost>
          <imsmd:source>
            <imsmd:langstring xml:lang="x-none">LOMv1.0</imsmd:langstring>
          </imsmd:source>
          <imsmd:value>
            <imsmd:langstring xml:lang="x-none">no</imsmd:langstring>
          </imsmd:value>
        </imsmd:cost>
        <imsmd:copyrightandotherrestrictions>
          <imsmd:source>
            <imsmd:langstring xml:lang="x-none">LOMv1.0</imsmd:langstring>
          </imsmd:source>
          <imsmd:value>
            <imsmd:langstring xml:lang="x-none">no</imsmd:langstring>
          </imsmd:value>
        </imsmd:copyrightandotherrestrictions>
        <imsmd:description>
          <imsmd:langstring xml:lang="en">This content is copyright free.</imsmd:langstring>
        </imsmd:description>
      </imsmd:rights>
      <imsmd:annotation>
        <imsmd:person>
          <imsmd:vcard>BEGIN:VCARD FN:Niels Seidel END:VCARD</imsmd:vcard>
        </imsmd:person>
        <imsmd:date>
          <imsmd:datetime>2003-07-08</imsmd:datetime>
        </imsmd:date>
        <imsmd:description>
          <imsmd:langstring xml:lang="en">These materials are very simplistic.</imsmd:langstring>
        </imsmd:description>
      </imsmd:annotation>
    </imsmd:lom>
  </metadata>
  <organizations default="ORG-D6257D46-F4BF-B282-732C-8412E21AC988">
    <organization identifier="ORG-D6257D46-F4BF-B282-732C-8412E21AC988" structure="hierarchical">
      <item identifier="ITEM-BEBD6D04-5C98-58C8-A967-907D01BF9D08" isvisible="true" identifierref="RES-42D808C8-431A-D55E-E941-211BDDE5DF02">
        <title>Gender Issues</title>
      </item>
    </organization>
  </organizations>
  <resources>
    <resource identifier="RES-42D808C8-431A-D55E-E941-211BDDE5DF02" type="webcontent" href="graefe.html">
      <file href="graefe.html" />
      <file href="style/ui-lightness/jquery-ui-1.7.2.custom.css"/>
			<file href="style/jquery.ui.autocomplete.custom.css"/>
			<file href="style/vi2.main.css"/>
			<file href="style/vi2.videoplayer.css"/>
			<file href="js/jquery-1.4.2.min.js"/>
			<file href="js/jquery.json-2.2.min.js"/>
			<file href="js/jquery-ui-1.8.6.custom.min.js"/>
			<file href="js/jquery.inherit-1.1.1.js"/>
			<file href="js/jquery.tinysort.js"/>
			<file href="js/jquery.tooltip.js"/>
			<file href="js/jquery.piemenu.js"/>
			<file href="js/jquery.tag-it.js"/>
			<file href="js/jquery.jqupload.min.js"/>
			<file href="js/vi2.main.js"/>
			<file href="js/vi2.parser.js"/>
			<file href="js/vi2.utils.js"/>
			<file href="js/vi2.videoplayer.js"/>
			<file href="js/vi2.clock.js"/>
			<file href="js/vi2.xlink.js"/>
			<file href="js/vi2.seq.js"/>
			<file href="js/vi2.tags.js"/>
			<file href="js/vi2.toc.js"/>
			<file href="js/vi2.metadata.js"/>
			<file href="slides/hydro_graefe-0.jpg"/>
			<file href="slides/hydro_graefe-1.jpg"/>
			<file href="slides/hydro_graefe-2.jpg"/>
			<file href="slides/hydro_graefe-3.jpg"/> 
			<file href="slides/hydro_graefe-4.jpg"/>  
			<file href="slides/hydro_graefe-5.jpg"/> 
			<file href="slides/hydro_graefe-6.jpg"/> 
			<file href="slides/hydro_graefe-7.jpg"/>  
			<file href="slides/hydro_graefe-8.jpg"/>  
			<file href="slides/hydro_graefe-9.jpg"/>  
			<file href="slides/hydro_graefe-10.jpg"/>  
			<file href="slides/hydro_graefe-11.jpg"/>  
			<file href="slides/hydro_graefe-12.jpg"/> 
			<file href="slides/hydro_graefe-13.jpg"/>  
			<file href="slides/hydro_graefe-14.jpg"/>  
			<file href="slides/hydro_graefe-15.jpg"/>
			<file href="slides/hydro_graefe-16.jpg"/> 
			<file href="slides/hydro_graefe-17.jpg"/>
			<file href="slides/hydro_graefe-18.jpg"/>
			<file href="slides/hydro_graefe-19.jpg"/> 
			<file href="slides/hydro_graefe-20.jpg"/>  
			<file href="slides/hydro_graefe-21.jpg"/> 
			<file href="slides/hydro_graefe-22.jpg"/> 
			<file href="slides/hydro_graefe-23.jpg"/> 
			<file href="slides/hydro_graefe-24.jpg"/>  
			<file href="slides/hydro_graefe-22.jpg"/> 
			<file href="slides/hydro_graefe-23.jpg"/>  
			<file href="slides/hydro_graefe-24.jpg"/>  
			<file href="slides/hydro_graefe-25.jpg"/>  
			<file href="slides/hydro_graefe-26.jpg"/>  
			<file href="slides/hydro_graefe-27.jpg"/>  
			<file href="slides/hydro_graefe-28.jpg"/>  
			<file href="slides/hydro_graefe-29.jpg"/>  
			<file href="slides/hydro_graefe-30.jpg"/>  
			<file href="slides/hydro_graefe-31.jpg"/>  
			<file href="slides/hydro_graefe-32.jpg"/> 
			<file href="slides/hydro_graefe-33.jpg"/> 
    </resource>
  </resources>
</manifest>

